"su_su_no","plot_plot_no","lucs_lucs_no","lucs_photo_no","photo_lucs_description","photo_lucs_location_srs","photo_lucs_location_x","photo_lucs_location_y","photo_lucs_bearing","photo_lucs_bearing_unit_name","lucs_photo"
"0434","1","1","135743","OCA","EPSG:32635","606497.396550496","1372654.3504148","0","","29826_255.jpg"
"0434","2","1","143521","OCA","EPSG:32635","606495.977780052","1373153.59618125","90","","29826_486.jpg"
"0434","2","2","150244","W G","EPSG:32635","606742.86784884","1373145.35104676","270","","29826_600.jpg"
"0434","3","1","152141","Wooded grassland","EPSG:32635","607004.367760545","1373143.0196708","180","","29826_830.jpg"
"0434","4","1","160118","OCA","EPSG:32635","606998.705825824","1372646.42641685","270","","29826_1067.jpg"
"0928","1","1","1","Lucs","EPSG:32635","565427.84418104","1181430.55351625","0","","38596_286.jpg"
"0928","1","1","2","Lus","EPSG:32635","565440.290867236","1181545.08016968","0","","38596_426.jpg"
"0928","2","1","1","Land use","EPSG:32635","565432.764616528","1181916.17719263","90","","38596_704.jpg"
"0928","2","1","2","Lus","EPSG:32635","565671.982022879","1181915.36402802","270","","38596_2084.jpg"
"0928","3","1","1","Lus","EPSG:32635","565927.552834599","1181869.06213143","180","","38596_2275.jpg"
"0928","4","1","1","Land use","EPSG:32635","565927.064669161","1181424.04457271","270","","38596_3231.jpg"
"0928","4","1","2","Landuse","EPSG:32635","565700.080329883","1181428.45188068","90","","38596_3485.jpg"
"0689","1","1","1","Land use","EPSG:32635","628703.771138778","1124593.03692706","0","","51844_239.jpg"
"0689","1","1","2","Landuse","EPSG:32635","628699.434950047","1124827.72596505","180","","51844_1268.jpg"
"0689","2","1","1","Land use","EPSG:32635","628711.399657568","1125093.26977208","90","","51844_1453.jpg"
"0689","2","1","2","Lus","EPSG:32635","628837.509236556","1125091.93572277","90","","51844_2080.jpg"
"0689","3","1","1","Land use","EPSG:32635","629211.45686442","1125078.56563215","180","","51844_2575.jpg"
"0689","3","1","2","LAND USE","EPSG:32635","629200.215011369","1124969.4630804","180","","51844_2953.jpg"
"0689","3","1","3","Land use","EPSG:32635","629215.308295492","1124851.21885944","0","","51844_3213.jpg"
"0689","4","1","1","Land use","EPSG:32635","629201.495063432","1124574.66378424","270","","51844_3367.jpg"
"0692","2","1","1","Land use","EPSG:32635","754949.265550819","1125959.05871605","90","","62212_250.jpg"
"0692","2","1","2","Land use","EPSG:32635","755179.808972274","1125950.29257051","270","","62212_1373.jpg"
"0692","3","1","1","Land use","EPSG:32635","755448.355030307","1125953.73846593","180","","62212_1549.jpg"
"0692","4","1","1","Land use","EPSG:32635","755452.404871224","1125448.34349646","270","","62212_3044.jpg"
"0692","1","1","1","Land use","EPSG:32635","754950.42015651","1125457.65179407","0","","62212_3373.jpg"
"0692","1","1","2","Land use","EPSG:32635","754951.00999683","1125583.15239627","0","","62212_3379.jpg"
"0692","1","1","3","Land use","EPSG:32635","754961.135325554","1125711.2370986","180","","62212_3408.jpg"
"0695","1","1","3","LUCS","EPSG:32636","265847.073780013","1125648.91586917","0","","102726_246.jpg"
"0695","1","1","4","LUCS","EPSG:32636","265847.004149508","1125768.49507263","0","","102726_1435.jpg"
"0695","1","1","5","LUCS","EPSG:32636","265851.761093998","1125888.17463649","180","",""
"0695","3","1","1","LUCS","EPSG:32636","266357.087930044","1125895.48406228","0","","102726_2195.jpg"
"0695","4","1","1","LUCS","EPSG:32636","266346.982951291","1125647.78634329","270","","102726_2357.jpg"
"0695","4","1","2","LUCS","EPSG:32636","266217.862037038","1125656.03195364","270","","102726_3234.jpg"
"0695","4","1","3","LUCS","EPSG:32636","266096.965413622","1125651.03641279","90","","102726_3954.jpg"
"0543","1","1","2","LUCS","EPSG:32636","350364.595378541","1354419.35694232","0","","122824_255.jpg"
"0543","1","1","3","LUCS","EPSG:32636","350368.702649002","1354544.22001616","0","","122824_262.jpg"
"0543","1","1","5","LUCS","EPSG:32636","350368.496613","1354665.84218947","180","","122824_268.jpg"
"0543","2","1","6","LUCS","EPSG:32636","314669.054028404","1345575.42707401","90","","122824_428.jpg"
"0543","2","1","7","LUCS","EPSG:32636","350489.722327923","1354918.89942991","90","","122824_434.jpg"
"0543","2","1","9","LUCS","EPSG:32636","350614.623145944","1354918.60417391","270","","122824_440.jpg"
"0543","3","1","9","LUCS","EPSG:32636","350862.479637287","1354919.07361574","180","","122824_599.jpg"
"0543","3","1","10","LUCS","EPSG:32636","350868.015019698","1354795.78979652","180","","122824_760.jpg"
"0543","3","1","12","LUCS","EPSG:32636","350866.014433141","1354668.72502292","0","","122824_766.jpg"
"0543","4","1","12","LUCS","EPSG:32636","350865.830852291","1354418.48804917","270","","122824_772.jpg"
"0543","4","1","14","LUCS","EPSG:32636","350743.129499366","1354418.19969098","270","","122824_778.jpg"
"0543","4","1","16","LUCS","EPSG:32636","350615.342412729","1354410.15352154","90","","122824_784.jpg"
"0960","1","1","3","LUCS","EPSG:32636","244893.104662236","1144765.38044271","0","","99659_255.jpg"
"0960","1","1","5","LUCS","EPSG:32636","244890.002447864","1144893.4764876","0","","99659_667.jpg"
"0960","1","1","7","LUCS","EPSG:32636","244900.556213729","1145016.90534488","180","","99659_766.jpg"
"0960","2","1","8","LUCS","EPSG:32636","244890.012163489","1145272.33559017","90","","99659_925.jpg"
"0960","2","1","9","LUCS","EPSG:32636","245016.173616977","1145271.30694076","90","","99659_1120.jpg"
"0960","2","1","10","LUCS","EPSG:32636","245138.142155063","1145261.902607","270","","99659_1498.jpg"
"0960","3","1","1","LUCS","EPSG:32636","245383.442133539","1145273.59809452","180","","99659_1657.jpg"
"0960","3","1","2","LUCS","EPSG:32636","245388.000889118","1145145.82787031","180","","99659_1914.jpg"
"0960","3","1","3","LUCS","EPSG:32636","245382.13055521","1145019.14758782","0","","99659_1984.jpg"
"0960","4","1","1","LUCS","EPSG:32636","245391.212655068","1144772.38898235","270","","99659_2143.jpg"
"0960","4","1","2","LUCS","EPSG:32636","245262.046229544","1144769.37756862","270","","99659_2555.jpg"
"0960","4","1","3","LUCS","EPSG:32636","245146.745869048","1144773.04515873","90","","99659_2964.jpg"
"0797","1","1","101417","Wooded grassland","EPSG:32635","689901.036564673","1373192.7473479","45","","21387_244.jpg"
"0797","1","1","103815","Middle point","EPSG:32635","689897.63606141","1373313.49732465","20","","21387_439.jpg"
"0797","2","1","111308","Highly slopes","EPSG:32635","689898.374529671","1373685.01301412","95","","21387_651.jpg"
"0797","2","1","112709","PLAIN LAND USE","EPSG:32635","690024.977229111","1373686.44271238","100","","21387_661.jpg"
"0797","3","1","156","WG","EPSG:32635","690397.541001765","1373688.62091643","180","","21387_851.jpg"
"0797","3","1","122338","End of plot3","EPSG:32635","690397.334798344","1373439.72606814","0","","21387_900.jpg"
"0797","4","1","123916","WG","EPSG:32635","690401.545031565","1373185.7647201","270","","21387_1070.jpg"
"0797","4","1","125527","WG","EPSG:32635","690272.564137313","1373187.7721517","270","","21387_1115.jpg"
"0902","4","1","1","Land use","EPSG:32635","691615.199658615","1220179.90517033","270","","66705_250.jpg"
"0902","4","1","2","Land use","EPSG:32635","691487.973419438","1220161.79698853","270","","66705_309.jpg"
"0902","1","1","1","Land use","EPSG:32635","691110.164356469","1220175.0706506","0","","66705_545.jpg"
"0902","1","1","2","Land use","EPSG:32635","691112.297376804","1220298.11539877","0","","66705_562.jpg"
"0902","3","1","1","Land use","EPSG:32635","691599.668495605","1220677.05031999","180","","66705_818.jpg"
"0902","3","1","2","Land use","EPSG:32635","691611.179562585","1220540.82342376","9","","66705_824.jpg"
"0902","3","1","3","Land use","EPSG:32635","691625.678624695","1220438.68252835","0","","66705_830.jpg"
"0433","1","1","111215","W G","EPSG:32635","564794.834024489","1372485.05894045","0","","27665_255.jpg"
"0433","2","1","120628","O C A","EPSG:32635","564795.893352589","1372984.74326108","90","","27665_794.jpg"
"0433","2","2","122904","W G","EPSG:32635","564928.540480896","1372993.54462371","90","","27665_1011.jpg"
"0433","3","1","130152","W G","EPSG:32635","565309.460549786","1372979.77338822","180","","27665_1328.jpg"
"0433","3","1","130336","Slope  of land","EPSG:32635","565303.2532571","1372985.34937451","90","","27665_1334.jpg"
"0433","3","2","133035","OCA","EPSG:32635","565306.536852837","1372809.44001733","180","","27665_1149.jpg"
"0433","4","1","135658","W G","EPSG:32635","565304.790953068","1372481.56059854","270","","27665_1723.jpg"
"0645","1","1","1","Iand use","EPSG:32635","754229.926785704","1201648.50426552","0","","56082_239.jpg"
"0645","1","1","2","LAND USE","EPSG:32635","754222.288509735","1201767.89372011","0","","56082_256.jpg"
"0645","2","1","1","Land use","EPSG:32635","754239.593852273","1202132.52518632","85","","56082_410.jpg"
"0645","2","1","2","Land use","EPSG:32635","754311.905127748","1202100.43741304","215","","56082_416.jpg"
"0645","2","1","3","Land use","EPSG:32635","754481.627639139","1202115.12740901","270","","56082_422.jpg"
"0645","3","1","1","Land use","EPSG:32635","754717.460852523","1202114.56990602","180","","56082_637.jpg"
"0645","3","1","2","Land use","EPSG:32635","754738.100916234","1202034.33019615","180","","56082_643.jpg"
"0645","3","1","3","Land use","EPSG:32635","754730.652313275","1201895.00061955","0","","56082_664.jpg"
"0645","4","1","1","LUCS FSD","EPSG:32635","754721.50896343","1201622.4324368","270","","56082_818.jpg"
"0645","4","1","2","Lucs fsd","EPSG:32635","754688.15964409","1201616.24860228","0","","56082_1103.jpg"
"0645","4","1","3","LUCS FSD","EPSG:32635","754591.645400382","1201617.29705878","180","","56082_1326.jpg"
"0645","4","1","4","LUCS fsd","EPSG:32635","754483.100068889","1201626.17308859","90","","56082_1549.jpg"
"0978","1","1","3","LUCS","EPSG:32636","244723.17283798","1106742.38543614","0","","106643_286.jpg"
"0978","1","1","4","LUCS","EPSG:32636","244717.901163906","1106853.06482118","0","","106643_970.jpg"
"0978","1","1","5","LUCS","EPSG:32636","244734.822438437","1106978.78932167","180","","106643_72.jpg"
"0978","2","1","5","LUCS","EPSG:32636","244715.670365765","1107226.82491555","90","","106643_1680.jpg"
"0978","2","1","6","LUCS","EPSG:32636","244844.326715265","1107230.69120665","90","","106643_2560.jpg"
"0978","2","1","3","LUCS","EPSG:32636","244965.550852961","1107224.07938733","270","","106643_3002.jpg"
"0978","3","1","7","LUCS","EPSG:32636","245226.2916351","1107227.78368716","180","","106643_3174.jpg"
"0978","3","1","9","LUCS","EPSG:32636","245224.352630125","1107100.41552397","180","","106643_3322.jpg"
"0978","3","1","10","LUCS","EPSG:32636","245210.659230548","1106984.7768534","0","","106643_3328.jpg"
"0978","4","1","11","LUCS","EPSG:32636","245221.967994136","1106737.14842848","270","","106643_3500.jpg"
"0978","4","1","12","LUCS","EPSG:32636","244969.335967512","1106742.18887887","270","","106643_3509.jpg"
"0978","4","1","13","LUCS","EPSG:32636","244964.148319973","1106737.20692476","90","","106643_3515.jpg"
"0953","2","1","3","LUCS","EPSG:32635","607584.245093102","1144011.4055472","90","","45588_283.jpg"
"0953","4","1","1","LUCS","EPSG:32635","608098.904960599","1143513.08764641","270","","45588_2083.jpg"
"0953","1","1","1","LUCS","EPSG:32635","607583.927651319","1143514.35890209","0","","45588_3176.jpg"
"0622","1","1","2","LUCS","EPSG:32636","350162.242898985","1239675.54204972","0","","117141_255.jpg"
"0622","1","1","4","LUCS","EPSG:32636","350157.664368483","1239800.45794723","0","","117141_510.jpg"
"0622","1","1","6","LUCS","EPSG:32636","350161.628958006","1239923.03022483","180","","117141_569.jpg"
"0622","2","1","7","LUCS","EPSG:32636","350165.399105613","1240168.8809854","90","","117141_730.jpg"
"0622","2","1","8","LUCS","EPSG:32636","350290.001333899","1240175.58467763","90","","117141_924.jpg"
"0622","2","1","10","LUCS","EPSG:32636","350416.768608695","1240173.19962481","270","","117141_1034.jpg"
"0622","3","1","11","LUCS","EPSG:32636","350664.433304201","1240167.58250727","180","","117141_1193.jpg"
"0622","3","1","12","LUCS","EPSG:32636","350660.896041951","1240049.853355","180","","117141_1317.jpg"
"0622","3","1","13","LUCS","EPSG:32636","350667.500763566","1239922.69641136","0","","117141_1509.jpg"
"0622","4","1","14","LUCS","EPSG:32636","350664.161007592","1239671.71793652","270","","117141_1668.jpg"
"0622","4","1","16","LUCS","EPSG:32636","350537.281532281","1239676.97660131","270","","117141_1675.jpg"
"0622","4","1","18","LUCS","EPSG:32636","350410.873154312","1239675.74674037","90","","117141_1898.jpg"
"0799","2","1","1","Heglieg tree","EPSG:32635","773336.0","1373989.0","90","","9240_58.jpg"
"0799","3","1","1","Crop products","EPSG:32635","773838.89681078","1374468.36868131","180","","9240_403.jpg"
"0799","4","1","1","Village house","EPSG:32635","773836.404637188","1373988.31638182","270","","9240_595.jpg"
"0799","1","1","1","Village houses","EPSG:32635","773336.0","1373989.0","0","","9240_552.jpg"
"0910","3","1","1","LUCS","EPSG:32636","371600.501029343","1221058.3210474","180","","120029_244.jpg"
"0910","3","1","3","LUCS","EPSG:32636","371599.557804811","1220932.25497111","180","","120029_779.jpg"
"0910","3","1","5","LUCS","EPSG:32636","371596.031227313","1220809.47502808","0","","120029_934.jpg"
"0910","4","1","2","LUCS","EPSG:32636","371601.013017532","1220557.08051735","270","","120029_1094.jpg"
"0910","4","1","3","LUCS","EPSG:32636","371472.995089588","1220558.23976977","270","","120029_1536.jpg"
"0910","4","1","6","LUCS","EPSG:32636","371345.87730984","1220561.99898739","90","","120029_1843.jpg"
"0871","1","1","1","Land use","EPSG:32635","648940.147110902","1258077.44379708","0","","74526_262.jpg"
"0871","1","1","2","Land use","EPSG:32635","648931.184413161","1258198.76506816","0","","74526_268.jpg"
"0871","1","1","3","Land use","EPSG:32635","648939.850149409","1258314.54552358","180","","74526_321.jpg"
"0871","2","1","1","LUCS","EPSG:32635","648933.266112108","1258566.78138166","90","","74526_486.jpg"
"0871","3","1","3","LUCS","EPSG:32635","649433.643269643","1258566.95349608","180","","74526_1345.jpg"
"0871","3","1","2","LUCS","EPSG:32635","649448.877464738","1258437.61647408","180","","74526_1894.jpg"
"0871","4","1","1","LUCS","EPSG:32635","649444.878299762","1258068.0581198","270","","74526_2409.jpg"
"0613","1","1","1","Land use","EPSG:32635","628085.623321364","1238876.81749515","0","","77857_320.jpg"
"0613","1","1","2","Land use","EPSG:32635","628112.386537489","1239106.89654282","180","","77857_1757.jpg"
"0613","2","1","1","Land use","EPSG:32635","628105.443639655","1239371.15590962","90","","77857_1918.jpg"
"0613","2","1","1","Land use","EPSG:32635","628227.380867128","1239370.87557873","90","","77857_2006.jpg"
"0613","3","1","1","Land use","EPSG:32635","628593.309309999","1239358.18131502","180","","77857_2036.jpg"
"0613","3","1","2","Land use","EPSG:32635","628610.773541096","1239116.86903567","0","","77857_2125.jpg"
"0613","4","1","1","Land use","EPSG:32635","628597.11910091","1238859.89204866","270","","77857_2211.jpg"
"0613","4","1","2","Land use","EPSG:32635","628469.410562942","1238866.71084378","90","","77857_2226.jpg"
"0613","4","1","3","Land use","EPSG:32635","628365.127916387","1238861.38797762","90","","77857_2243.jpg"
"0522","1","1","2","LUCS","EPSG:32636","308775.84451867","1392923.13554352","0","","125986_255.jpg"
"0522","1","1","3","LUCS","EPSG:32636","308775.848148276","1393045.93424345","0","","125986_364.jpg"
"0522","1","1","5","LUCS","EPSG:32636","308775.245584136","1393169.30529924","180","","125986_463.jpg"
"0522","2","1","6","LUCS","EPSG:32636","308776.694571229","1393418.95965756","90","","125986_622.jpg"
"0522","2","1","7","LUCS","EPSG:32636","308902.259550766","1393421.91346479","90","","125986_660.jpg"
"0522","2","1","9","LUCS","EPSG:32636","309022.656088032","1393417.8535088","270","",""
"0522","3","1","10","LUCS","EPSG:32636","309274.687397916","1393418.65433374","180","","125986_825.jpg"
"0522","3","1","12","LUCS","EPSG:32636","309276.622358967","1393296.90819627","180","","125986_927.jpg"
"0522","3","1","14","LUCS","EPSG:32636","309273.700867192","1393173.62399308","0","","125986_964.jpg"
"0522","4","1","15","LUCS","EPSG:32636","309278.595540155","1392919.98758074","270","","125986_1123.jpg"
"0522","4","1","16","LUCS","EPSG:32636","309148.686964841","1392917.16536206","270","","125986_1192.jpg"
"0522","4","1","17","LUCS","EPSG:32636","309027.251552421","1392917.61898287","90","","125986_1229.jpg"
"0640","1","1","1","Lus","EPSG:32635","544385.588478155","1200424.71336461","0","","34596_243.jpg"
"0640","1","1","2","Lus","EPSG:32635","544393.119480758","1200562.98923457","0","","34596_711.jpg"
"0640","2","1","1","Lus","EPSG:32635","544393.65609969","1200946.51343244","90","","34596_906.jpg"
"0640","2","1","2","Lus","EPSG:32635","544543.665170719","1200917.26082566","90","","34596_1160.jpg"
"0640","3","1","1","Lus","EPSG:32635","544886.423107267","1200855.82981357","180","","34596_1828.jpg"
"0640","3","1","2","Lus","EPSG:32635","544898.296255945","1200787.65665263","180","","34596_1989.jpg"
"0640","4","1","1","Lus","EPSG:32635","544754.940710161","1200389.91316862","270","","34596_2345.jpg"
"0567","3","1","2","LUCS","EPSG:32636","392582.986016571","1316546.41755839","180","","123687_255.jpg"
"0567","3","1","4","LUCS","EPSG:32636","392579.509342846","1316423.46822047","180","","123687_262.jpg"
"0567","3","1","6","LUCS","EPSG:32636","392576.805578486","1316295.90005355","0","","123687_485.jpg"
"0567","4","1","7","LUCS","EPSG:32636","392575.969636112","1316034.45198004","270","","123687_644.jpg"
"0567","4","1","8","LUCS","EPSG:32636","392457.150563887","1316048.65815456","270","","123687_806.jpg"
"0567","4","1","10","LUCS","EPSG:32636","392336.184704966","1316043.78940322","90","","123687_967.jpg"
"0567","1","1","9","LUCS","EPSG:32636","392086.928939717","1316044.29689202","0","","123687_1126.jpg"
"0567","1","1","11","LUCS","EPSG:32636","392081.729310047","1316176.46307354","0","","123687_1133.jpg"
"0567","1","1","13","LUCS","EPSG:32636","392089.003410945","1316295.81859576","180","","123687_1139.jpg"
"0567","2","1","15","LUCS","EPSG:32636","392077.080505657","1316545.69401084","90","","123687_1302.jpg"
"0435","1","1","1","Crop production","EPSG:32635","648197.00781749","1372888.81306641","0","","10599_54.jpg"
"0435","2","1","1","Crop production and regeneration of acacia  Senegal","EPSG:32635","648190.897548851","1373386.8520613","90","","10599_452.jpg"
"0435","3","1","1","Land use crop","EPSG:32635","648696.428181094","1373385.86472964","180","","10599_965.jpg"
"0435","4","1","1","Slope","EPSG:32635","648706.295978996","1372878.98379924","270","","10599_1286.jpg"
"0518","1","1","2","Lucs","EPSG:32635","752263.0","1392960.0","5","","6888_1104.jpg"
"0518","2","1","1","LUCS in plot 2","EPSG:32635","752263.582287145","1393463.47053737","90","","6888_540.jpg"
"0518","3","1","1","LUCS in plot 3 sp1","EPSG:32635","752768.0","1393458.0","180","","6888_765.jpg"
"0518","4","1","1","LUCS and teams member","EPSG:32634","752768.0","1392958.0","10","","6888_926.jpg"
"0558","1","1","102841","Crop area","EPSG:32635","669473.296148359","1315799.82340453","180","","23144_446.jpg"
"0558","2","1","104658","OCA","EPSG:32635","669471.090229538","1316050.74388836","90","","23144_608.jpg"
"0558","3","1","1","OCA","EPSG:32635","669971.0","1316054.0","180","",""
"0558","4","1","1","Oca","EPSG:32635","669978.16012193","1315547.12409722","270","","23144_959.jpg"
"0614","1","1","1","Land use","EPSG:32635","670013.91841734","1239110.51487788","0","","72937_239.jpg"
"0614","1","1","2","Land use","EPSG:32635","670015.924439119","1239229.39117004","0","","72937_564.jpg"
"0614","1","1","3","Land use","EPSG:32635","670017.05217448","1239347.45920163","180","","72937_604.jpg"
"0614","2","1","1","Land use","EPSG:32635","670021.743344688","1239606.99961952","90","","72937_758.jpg"
"0614","2","1","2","Land use","EPSG:32635","670143.430647652","1239613.73345545","90","","72937_1062.jpg"
"0614","2","1","3","Land use","EPSG:32635","670257.628616046","1239611.29046584","270","","72937_1068.jpg"
"0614","3","1","1","Land use","EPSG:32635","670524.236854962","1239574.3927984","180","","72937_1138.jpg"
"0614","3","1","2","Land use","EPSG:32635","670512.657032831","1239364.66740494","0","","72937_1167.jpg"
"0614","4","1","1","Land use","EPSG:32635","670510.473255491","1239103.90304824","270","","72937_1330.jpg"
"0614","4","1","2","Land use","EPSG:32635","670370.419907446","1239118.57809409","270","","72937_1345.jpg"
"0614","4","1","3","Land use","EPSG:32635","670261.620752852","1239105.0496986","90","","72937_1408.jpg"
"0615","3","1","1","Land use","EPSG:32635","712424.435413189","1239910.48642981","180","","68072_250.jpg"
"0615","3","1","2","Land use","EPSG:32635","712444.840403262","1239798.58787538","180","","68072_308.jpg"
"0615","4","1","1","Land use","EPSG:32635","712429.667983096","1239420.37800805","270","","68072_493.jpg"
"0615","4","1","2","Land use","EPSG:32635","712304.481858938","1239416.02141183","270","","68072_499.jpg"
"0615","4","1","3","Land use","EPSG:32635","712183.912561766","1239420.42899196","90","","68072_1648.jpg"
"0615","1","1","1","Land use","EPSG:32635","711924.432778409","1239422.7390523","0","","68072_693.jpg"
"0615","2","1","1","Land use","EPSG:32635","711935.782702483","1239921.02389786","90","","68072_864.jpg"
"0615","2","1","2","Land use","EPSG:32635","712051.426319779","1239924.86520692","90","","68072_937.jpg"
"0615","2","1","3","Land use","EPSG:32635","712182.888412551","1239920.73166749","270","","68072_953.jpg"
"0557","2","1","1","Land use","EPSG:32635","627679.542903943","1315790.36150583","60","","14186_255.jpg"
"0557","3","1","1","Land use","EPSG:32635","628178.760019608","1315791.36058449","180","","14186_955.jpg"
"0557","4","1","1","Land use","EPSG:32635","628177.910301341","1315283.54591408","270","","14186_3564.jpg"
"0557","1","1","1","Land use","EPSG:32635","627682.33515927","1315280.84335793","0","","14186_2863.jpg"
"0557","1","1","3","Land use","EPSG:32635","627681.578288471","1315420.30406288","0","","14186_3143.jpg"
"0557","1","1","1","Land use","EPSG:32635","627685.077406528","1315540.1546237","180","","14186_3471.jpg"
"0825","1","1","1","LUCS","EPSG:32636","371209.403542444","1335218.11154331","0","","121962_255.jpg"
"0825","1","1","4","LUCS","EPSG:32636","371210.006104789","1335339.37024291","0","","121962_262.jpg"
"0825","1","1","5","LUCS","EPSG:32636","371206.690586094","1335463.82242508","180","","121962_268.jpg"
"0825","2","1","7","LUCS","EPSG:32636","371212.273809025","1335715.82859533","90","","121962_427.jpg"
"0825","2","1","8","LUCS","EPSG:32636","371332.240570599","1335718.34530936","90","","121962_434.jpg"
"0825","2","1","10","LUCS","EPSG:32636","371460.99548144","1335715.81499473","270","","121962_440.jpg"
"0825","3","1","11","LUCS","EPSG:32636","371709.125664608","1335716.26138008","180","","121962_599.jpg"
"0825","3","1","12","LUCS","EPSG:32636","371707.870668826","1335582.27264341","180","","121962_606.jpg"
"0825","3","1","13","LUCS","EPSG:32636","371711.066465905","1335472.4883366","0","","121962_612.jpg"
"0825","4","1","14","LUCS","EPSG:32636","371711.03212553","1335218.87220478","270","","121962_771.jpg"
"0825","4","1","16","LUCS","EPSG:32636","371587.866023442","1335215.51483652","270","","121962_778.jpg"
"0825","4","1","17","LUCS","EPSG:32636","371458.884165087","1335217.62517995","90","","121962_784.jpg"
"0594","1","1","3","LUCS","EPSG:32636","392072.150026197","1277809.29077644","0","","119084_250.jpg"
"0594","1","1","5","LUCS","EPSG:32636","392071.93649124","1277926.55164282","0","","119084_256.jpg"
"0594","1","1","6","LUCS","EPSG:32636","392070.551386629","1278054.89609514","180","","119084_262.jpg"
"0594","2","1","8","LUCS","EPSG:32636","392064.279102246","1278300.97582815","90","","119084_427.jpg"
"0594","2","1","9","LUCS","EPSG:32636","392195.723379428","1278297.65811074","90","","119084_443.jpg"
"0594","2","1","10","LUCS","EPSG:32636","392320.537840028","1278303.07294971","270","","119084_449.jpg"
"0594","3","1","1","LUCS","EPSG:32636","392576.082169699","1278305.53410585","180","","119084_608.jpg"
"0594","3","1","3","LUCS","EPSG:32636","392574.532095047","1278181.47045031","180","","119084_615.jpg"
"0594","3","1","4","LUCS","EPSG:32636","392572.673980334","1278054.43746223","0","","119084_621.jpg"
"0594","4","1","1","LUCS","EPSG:32636","392571.822078776","1277803.00512591","270","","119084_780.jpg"
"0594","4","1","3","LUCS","EPSG:32636","392448.303612048","1277806.01387678","270","","119084_787.jpg"
"0594","4","1","5","LUCS","EPSG:32636","392323.559233779","1277807.57001772","90","","119084_793.jpg"
"0445","4","1","1","Wg","EPSG:32635","565404.801317461","1334169.88417073","270","","24558_251.jpg"
"0445","1","1","1","Wg","EPSG:32635","564927.943844721","1334161.11161051","0","","24558_525.jpg"
"0445","1","1","2","Wg","EPSG:32635","564933.695202339","1334413.50835253","180","","24558_985.jpg"
"0445","2","1","2","Oca","EPSG:32635","564954.375084245","1334669.26446858","90","","24558_1144.jpg"
"0445","2","1","3","Oca","EPSG:32635","565188.716938518","1334668.73062022","270","","24558_1290.jpg"
"0445","3","1","1","Wg","EPSG:32635","565470.315266435","1334604.59013869","180","","24558_1449.jpg"
"0445","3","1","2","Wg","EPSG:32635","565433.962334658","1334488.48102294","180","","24558_1507.jpg"
"0445","3","1","3","Wg","EPSG:32635","565443.976193683","1334415.02625627","0","","24558_1513.jpg"
"0432","1","1","1","Wooded grasslands","EPSG:32635","523113.912435327","1372380.01028725","0","","26351_244.jpg"
"0432","1","1","114617","Wooded grassland","EPSG:32635","523108.015170283","1372623.32925676","180","","26351_330.jpg"
"0432","2","1","120713","Wooded grassland","EPSG:32635","523109.43572838","1372881.92115153","90","","26351_489.jpg"
"0432","3","1","124016","Wooded grassland","EPSG:32635","523610.804520262","1372882.80395504","180","","26351_700.jpg"
"0432","3","2","130137","OCA","EPSG:32635","523611.204885852","1372758.72696866","180","","26351_827.jpg"
"0432","4","1","134031","OCA","EPSG:32635","523613.866228584","1372381.30943756","270","","26351_1050.jpg"
"0901","3","1","1","Land use","EPSG:32635","649681.972428991","1220401.17555062","180","","80494_53.jpg"
"0901","3","1","2","Land use","EPSG:32635","649661.984935282","1220275.03520415","180","","80494_60.jpg"
"0901","3","1","3","Land use","EPSG:32635","649677.06105327","1220158.47836353","0","","80494_280.jpg"
"0901","4","1","1","Land use","EPSG:32635","649665.698338907","1219897.07079503","270","","80494_439.jpg"
"0901","4","1","2","Land use","EPSG:32635","649558.711480881","1219896.04639301","270","","80494_463.jpg"
"0901","4","1","3","Land use","EPSG:32635","649428.454572004","1219903.24996998","90","","80494_484.jpg"
"0901","1","1","1","Land use","EPSG:32635","649169.480896868","1219897.78188878","0","","80494_638.jpg"
"0901","2","1","2","Land use","EPSG:32635","649308.050738875","1220403.21058635","90","","80494_814.jpg"
"0901","2","1","3","Land use","EPSG:32635","649429.764584789","1220403.46445197","270","","80494_854.jpg"
"0899","1","1","1","Lus","EPSG:32635","565313.0","1219529.0","0","","33136_58.jpg"
"0899","2","1","1","Lus","EPSG:32635","565358.65850133","1220024.89101692","90","","33136_440.jpg"
"0899","2","1","2","Lus","EPSG:32635","565379.253765842","1220013.79023282","270","","33136_446.jpg"
"0899","3","1","1","Lus","EPSG:32635","565810.770497376","1219780.54159615","0","","33136_635.jpg"
"0899","4","1","1","Lus","EPSG:32635","565810.0220638","1219520.83537565","270","","33136_899.jpg"
"0899","4","1","2","Lus","EPSG:32635","565578.455191978","1219506.54576734","-90","","33136_1323.jpg"
"0644","4","1","1","Land use","EPSG:32635","712732.585138204","1201261.36346785","270","","65649_250.jpg"
"0644","4","2","1","Land use","EPSG:32635","712628.142252473","1201265.09817888","270","","65649_306.jpg"
"0644","4","2","2","Land use","EPSG:32635","712508.854441968","1201260.97430269","90","","65649_312.jpg"
"0644","4","2","3","Land use","EPSG:32635","712508.019565057","1201261.75353667","90","","65649_318.jpg"
"0644","1","1","1","LAND USE","EPSG:32635","712250.731428692","1201267.60946343","0","","65649_472.jpg"
"0644","1","1","2","LAND USE","EPSG:32635","712245.792072745","1201504.7680404","180","","65649_488.jpg"
"0644","2","1","1","Land use","EPSG:32635","712260.69366037","1201771.23587615","90","","65649_703.jpg"
"0644","2","2","1","Land use","EPSG:32635","712378.43240479","1201767.22188158","90","","65649_759.jpg"
"0644","3","1","1","Land use","EPSG:32635","712740.451623283","1201766.21392255","180","","65649_918.jpg"
"0644","3","1","2","Land use","EPSG:32635","712753.719682762","1201641.50719337","180","","65649_924.jpg"
"0644","3","1","3","LAND USE","EPSG:32635","712753.764153294","1201507.06142596","180","","65649_961.jpg"
"0559","1","1","11123","LUCS","EPSG:32635","711273.910527169","1315875.93771345","0","","18674_260.jpg"
"0559","1","1","114921","Land","EPSG:32635","711271.243629814","1315997.79227568","180","","18674_650.jpg"
"0559","2","1","121922","Land","EPSG:32635","711269.499876929","1316373.45277062","90","","18674_918.jpg"
"0559","2","1","123643","Stream","EPSG:32635","711323.882372357","1316372.70273944","90","","18674_1062.jpg"
"0559","3","1","1460","F","EPSG:32635","711774.663007281","1316376.25105028","180","","18674_1460.jpg"
"0559","3","1","152511","Land use","EPSG:32635","711768.598920521","1316124.83542823","0","","18674_2026.jpg"
"0559","4","1","154021","Land use","EPSG:32635","711755.938749782","1315862.00198003","280","","18674_2185.jpg"
"0559","4","1","162839","F","EPSG:32635","711517.292387331","1315873.31182457","90","","18674_2689.jpg"
"0879","2","1","1","LUCS","EPSG:32636","329251.835944108","1259309.86463953","90","","114931_255.jpg"
"0879","2","1","4","LUCS","EPSG:32636","329374.600155003","1259317.99113011","90","","114931_266.jpg"
"0879","2","1","6","LUCS","EPSG:32636","329505.554360863","1259318.28668123","270","","114931_707.jpg"
"0879","3","1","7","LUCS","EPSG:32636","329747.768239943","1259314.32872131","180","","114931_866.jpg"
"0879","3","1","9","LUCS","EPSG:32636","329744.378112545","1259198.37132842","180","","114931_904.jpg"
"0879","3","1","11","LUCS","EPSG:32636","329745.72934691","1259070.19633906","0","","114931_978.jpg"
"0879","4","1","12","LUCS","EPSG:32636","329746.449087716","1258819.62468106","270","","114931_1137.jpg"
"0879","4","1","14","LUCS","EPSG:32636","329623.853769318","1258816.44542012","270","","114931_1183.jpg"
"0879","4","1","15","LUCS","EPSG:32636","329496.383154969","1258817.05954768","90","","114931_1313.jpg"
"0879","1","1","14","LUCS","EPSG:32636","329247.255080969","1258817.30368325","0","","114931_1483.jpg"
"0879","1","1","15","LUCS","EPSG:32636","329247.117913368","1258941.32894227","0","","114931_1490.jpg"
"0879","1","1","16","LUCS","EPSG:32636","329244.544986428","1259065.70988784","180","","114931_1527.jpg"
"0676","1","1","4","LUCS","EPSG:32636","265998.201511536","1163713.71336143","0","","110262_254.jpg"
"0676","1","1","5","LUCS","EPSG:32636","265997.914186638","1163828.34724308","0","","110262_1201.jpg"
"0676","1","1","7","LUCS","EPSG:32636","266003.058129573","1163955.1458012","180","","110262_2013.jpg"
"0676","2","1","8","LUCS","EPSG:32636","265998.7965578","1164207.3948765","90","","110262_2174.jpg"
"0676","2","1","10","LUCS","EPSG:32636","266124.254386031","1164206.13768414","90","","110262_2839.jpg"
"0676","2","1","12","LUCS","EPSG:32636","266249.112268641","1164201.34494592","270","","110262_3358.jpg"
"0676","3","1","1","LUCS","EPSG:32636","266499.06629163","1164200.18939306","180","","110262_3525.jpg"
"0676","3","1","2","LUCS","EPSG:32636","266499.055381308","1164079.60055595","180","","110262_4182.jpg"
"0676","3","1","4","LUCS","EPSG:32636","266494.522724924","1163960.60469277","0","","110262_4188.jpg"
"0676","4","1","12","LUCS","EPSG:32636","266507.691864345","1163703.00673663","270","","110262_4349.jpg"
"0676","4","1","14","LUCS","EPSG:32636","266375.210117262","1163710.10069397","270","","110262_4369.jpg"
"0676","4","1","15","LUCS","EPSG:32636","266250.078343506","1163704.23849812","90","","110262_4402.jpg"
"0783","1","1","160458","Slope LUCS","EPSG:32635","772889.0","1412397.0","10","","4538_475.jpg"
"0783","1","1","162047","Slope LUCS","EPSG:32635","772889.0","1412522.0","45","","4538_481.jpg"
"0783","1","1","162950","Slope LUCS","EPSG:32635","772889.0","1412647.0","180","","4538_487.jpg"
"0783","2","1","1","Slope","EPSG:32635","772889.0","1412897.0","90","","4538_1189.jpg"
"0783","3","1","172642","Slope","EPSG:32634","773139.0","1412897.0","180","","4538_1173.jpg"
"0783","3","1","183842","Slope","EPSG:32635","773389.0","1412772.0","185","","4538_1179.jpg"
"0783","3","1","175531","Slope","EPSG:32635","773390.0","1412647.0","330","","4538_1185.jpg"
"0783","4","1","182032","Slope","EPSG:32635","778264.0","1412397.0","285","","4538_1111.jpg"
"0803","1","1","1","LUCS","EPSG:32636","329555.57362922","1373647.76037256","0","","125051_255.jpg"
"0803","1","1","4","LUCS","EPSG:32636","329558.019242729","1373776.4764015","0","","125051_262.jpg"
"0803","1","1","5","LUCS","EPSG:32636","329554.35372233","1373897.21239559","180","","125051_268.jpg"
"0803","2","1","6","LUCS","EPSG:32636","329548.385055592","1374153.87567495","90","","125051_427.jpg"
"0803","2","1","8","LUCS","EPSG:32636","329681.228913486","1374152.56538013","90","","125051_434.jpg"
"0803","2","1","10","LUCS","EPSG:32636","329803.971427902","1374147.24894206","270","","125051_471.jpg"
"0803","3","1","11","LUCS","EPSG:32636","330056.25366023","1374152.83037354","180","","125051_631.jpg"
"0803","3","1","12","LUCS","EPSG:32636","330055.749551404","1374025.30360247","180","","125051_637.jpg"
"0803","3","1","13","LUCS","EPSG:32636","330054.38631894","1373904.86164061","0","","125051_643.jpg"
"0803","4","1","13","LUCS","EPSG:32636","330059.072957806","1373655.13972841","270","","125051_802.jpg"
"0803","4","1","15","LUCS","EPSG:32636","329929.250791391","1373650.39905879","270","","125051_809.jpg"
"0803","4","1","16","LUCS","EPSG:32636","329806.837282721","1373651.87743769","90","","125051_815.jpg"
"0872","1","1","1","Land use","EPSG:32635","690819.491322276","1258350.46846249","0","","69178_239.jpg"
"0872","1","1","2","Land use","EPSG:32635","690823.317485277","1258472.14699005","0","","69178_245.jpg"
"0872","2","1","1","Land use","EPSG:32635","690838.624583702","1258852.41760272","90","","69178_420.jpg"
"0872","2","1","2","Land use","EPSG:32635","690950.424213982","1258853.02639742","90","","69178_426.jpg"
"0872","2","1","3","Land use","EPSG:32635","691079.575112096","1258849.79997738","270","","69178_432.jpg"
"0872","3","1","1","Land use","EPSG:32635","691324.611021875","1258846.50728493","180","","69178_597.jpg"
"0872","3","1","2","Land use","EPSG:32635","691336.444517165","1258718.17732394","180","","69178_596.jpg"
"0872","3","1","3","Land use","EPSG:32635","691322.60089354","1258606.44091507","0","","69178_602.jpg"
"0872","4","1","1","L","EPSG:32635","691311.045815697","1258346.50727611","270","","69178_756.jpg"
"0872","4","1","2","Land use","EPSG:32635","691218.506711674","1258344.74894805","270","","69178_777.jpg"
"0872","4","1","3","Land use","EPSG:32635","691077.65952645","1258343.94380981","90","","69178_783.jpg"
"0641","2","1","1","Land use","EPSG:32635","586355.099268616","1201027.78523418","90","","42109_239.jpg"
"0641","1","1","1","Lus","EPSG:32635","586345.962693323","1200562.51396126","0","","42109_1261.jpg"
"0641","1","2","1","Lus","EPSG:32635","586354.673055224","1200659.33117145","0","","42109_2278.jpg"
"0519","2","1","1","LUCS","EPSG:32635","793967.914844689","1393935.21904973","90","","98623_244.jpg"
"0519","2","1","2","LUCS","EPSG:32635","794088.809160584","1393937.38790393","90","","98623_304.jpg"
"0519","2","1","3","LUCS","EPSG:32635","794212.60056005","1393936.77117943","270","","98623_408.jpg"
"0519","3","1","5","LUCS","EPSG:32635","794457.76572612","1393913.34434459","180","","98623_584.jpg"
"0519","3","1","6","LUCS","EPSG:32635","794470.600192086","1393805.08054553","180","","98623_849.jpg"
"0519","3","1","7","LUCS","EPSG:32635","794467.021782545","1393684.73491975","0","","98623_981.jpg"
"0952","3","1","1","Lus","EPSG:32635","566043.225736282","1143857.79988054","180","","49151_239.jpg"
"0952","3","1","2","Landuse","EPSG:32635","566057.758728718","1143717.37402506","180","","49151_369.jpg"
"0952","3","1","3","Landuse","EPSG:32635","566044.831970936","1143622.9235817","0","","49151_1145.jpg"
"0952","4","1","1","Iunse","EPSG:32635","565986.663959016","1143364.56805046","270","","49151_1509.jpg"
